"Group","Label","Value","Unit"
"All data","Record count","864","rows"
"All data","Sales","124553658","QAR"
"All data","Profit","49182449","QAR"
"Tenant","Tech Hub","19417060","QAR sales"
"Tenant","Digital World","16136542","QAR sales"
"Tenant","Smart Corner","13791936","QAR sales"
"Tenant","Home Living","11732469","QAR sales"
"Tenant","Nova Fashion","10546398","QAR sales"
"Tenant","Comfort Store","10113059","QAR sales"
"Tenant","Urban Style","8879870","QAR sales"
"Tenant","Fresh Table","8061212","QAR sales"
"Tenant","Decor Lane","7664862","QAR sales"
"Tenant","Linen House","7282216","QAR sales"
"Tenant","Bean Street","6084467","QAR sales"
"Tenant","Sweet Spot","4843567","QAR sales"
"Category","Electronics","49345538","QAR sales"
"Category","Home and Lifestyle","29510390","QAR sales"
"Category","Fashion","26708484","QAR sales"
"Category","Food and Beverage","18989246","QAR sales"
"City","Riyadh","47446598","QAR sales"
"City","Jeddah","41514631","QAR sales"
"City","Dammam","35592429","QAR sales"
"Year","2025","65801925","QAR sales"
"Year","2024","58751733","QAR sales"
"Month","2025-12","7056941","QAR sales"
"Month","2025-11","6524259","QAR sales"
"Month","2024-12","6300844","QAR sales"
"Month","2025-03","5875837","QAR sales"
"Month","2025-10","5875837","QAR sales"
"Month","2024-11","5825232","QAR sales"
"Month","2025-09","5707187","QAR sales"
"Month","2025-04","5545621","QAR sales"
"Month","2025-08","5320481","QAR sales"
"Month","2024-03","5246285","QAR sales"
"Month","2024-10","5246285","QAR sales"
"Month","2025-05","5102709","QAR sales"
"Month","2024-09","5095703","QAR sales"
"Month","2024-04","4951449","QAR sales"
"Month","2025-06","4889966","QAR sales"
"Month","2025-07","4776800","QAR sales"
"Month","2024-08","4750431","QAR sales"
"Month","2025-02","4674457","QAR sales"
"Month","2024-05","4555993","QAR sales"
"Month","2025-01","4451830","QAR sales"
"Month","2024-06","4366045","QAR sales"
"Month","2024-07","4264998","QAR sales"
"Month","2024-02","4173621","QAR sales"
"Month","2024-01","3974847","QAR sales"
