"Field","Power BI type","askBICS bucket","Definition"
"Record ID","Text","Fields (do not summarize)","Unique store-month row identifier."
"Date","Date","Fields (do not summarize)","Month start, YYYY-MM-DD."
"Year","Whole number","Fields (do not summarize)","Calendar year; use as a field, not a summed measure."
"Month","Text","Fields (do not summarize)","Year-month text for sortable monthly charts."
"Quarter","Text","Fields (do not summarize)","Descriptive grouping field."
"Assigned Tenant Name","Text","Fields (do not summarize)","Fictional tenant; 12 tenants, each with three stores."
"Unit","Text","Fields (do not summarize)","Store identifier; 36 stores, repeated monthly."
"Assigned Sales Category","Text","Fields (do not summarize)","Descriptive grouping field."
"Assigned Group","Text","Fields (do not summarize)","Descriptive grouping field."
"City","Text","Fields (do not summarize)","Descriptive grouping field."
"Region","Text","Fields (do not summarize)","Descriptive grouping field."
"Mall","Text","Fields (do not summarize)","Descriptive grouping field."
"Floor","Text","Fields (do not summarize)","Descriptive grouping field."
"Zone","Text","Fields (do not summarize)","Descriptive grouping field."
"Sales","Whole number","Measures and KPIs (Sum)","Monthly sales in QAR."
"Cost","Whole number","Measures and KPIs (Sum)","Monthly cost of goods sold in QAR."
"Rent","Whole number","Measures and KPIs (Sum)","Monthly rent expense in QAR."
"Transactions","Whole number","Measures and KPIs (Sum)","Monthly count of purchases."
"Items Sold","Whole number","Measures and KPIs (Sum)","Monthly count of items sold."
"Footfall","Whole number","Measures and KPIs (Sum)","Monthly estimated visits; not unique people."
"Currency","Text","Fields (do not summarize)","QAR (Qatari riyal); all monetary columns use this currency."
"Profit","Whole number","Measures and KPIs (Sum)","Sales minus Cost; gross profit before rent."
"Variance","Whole number","Measures and KPIs (Sum)","Sales minus Target. Negative means below target."
"Target","Whole number","Measures and KPIs (Sum)","Monthly sales target in QAR."
